,antecedents,consequents,antecedent support,consequent support,support,confidence,lift,leverage,conviction
0,"({'GREEN REGENCY TEACUP AND SAUCER', 'ROSES REGENCY TEACUP AND SAUCER '})",({'PINK REGENCY TEACUP AND SAUCER'}),0.030963377,0.031809016,0.022181747,0.716386555,22.52149387,0.021196833,3.413769692
1,({'PINK REGENCY TEACUP AND SAUCER'}),"({'GREEN REGENCY TEACUP AND SAUCER', 'ROSES REGENCY TEACUP AND SAUCER '})",0.031809016,0.030963377,0.022181747,0.697341513,22.52149387,0.021196833,3.201749382
2,({'GREEN REGENCY TEACUP AND SAUCER'}),"({'PINK REGENCY TEACUP AND SAUCER', 'ROSES REGENCY TEACUP AND SAUCER '})",0.039810057,0.02491381,0.022181747,0.557189542,22.36468626,0.021189927,2.202039662
3,"({'PINK REGENCY TEACUP AND SAUCER', 'ROSES REGENCY TEACUP AND SAUCER '})",({'GREEN REGENCY TEACUP AND SAUCER'}),0.02491381,0.039810057,0.022181747,0.890339426,22.36468626,0.021189927,8.756017817
4,({'PINK REGENCY TEACUP AND SAUCER'}),({'GREEN REGENCY TEACUP AND SAUCER'}),0.031809016,0.039810057,0.026279841,0.826175869,20.75294385,0.025013523,5.523916263
5,({'GREEN REGENCY TEACUP AND SAUCER'}),({'PINK REGENCY TEACUP AND SAUCER'}),0.039810057,0.031809016,0.026279841,0.660130719,20.75294385,0.025013523,2.84871578
6,({'DOLLY GIRL LUNCH BOX'}),({'SPACEBOY LUNCH BOX '}),0.030377935,0.032914851,0.020360372,0.670235546,20.36270958,0.019360487,2.932654316
7,({'SPACEBOY LUNCH BOX '}),({'DOLLY GIRL LUNCH BOX'}),0.032914851,0.030377935,0.020360372,0.618577075,20.36270958,0.019360487,2.542117952
8,({'ROSES REGENCY TEACUP AND SAUCER '}),"({'PINK REGENCY TEACUP AND SAUCER', 'GREEN REGENCY TEACUP AND SAUCER'})",0.043908151,0.026279841,0.022181747,0.505185185,19.22329666,0.021027848,1.967847626
9,"({'PINK REGENCY TEACUP AND SAUCER', 'GREEN REGENCY TEACUP AND SAUCER'})",({'ROSES REGENCY TEACUP AND SAUCER '}),0.026279841,0.043908151,0.022181747,0.844059406,19.22329666,0.021027848,6.131128685
10,({'ROSES REGENCY TEACUP AND SAUCER '}),({'PINK REGENCY TEACUP AND SAUCER'}),0.043908151,0.031809016,0.02491381,0.567407407,17.83794289,0.023517135,2.23811272
11,({'PINK REGENCY TEACUP AND SAUCER'}),({'ROSES REGENCY TEACUP AND SAUCER '}),0.031809016,0.043908151,0.02491381,0.783231084,17.83794289,0.023517135,4.410650135
12,({'GREEN REGENCY TEACUP AND SAUCER'}),({'ROSES REGENCY TEACUP AND SAUCER '}),0.039810057,0.043908151,0.030963377,0.777777778,17.71374486,0.029215391,4.302413322
13,({'ROSES REGENCY TEACUP AND SAUCER '}),({'GREEN REGENCY TEACUP AND SAUCER'}),0.043908151,0.039810057,0.030963377,0.705185185,17.71374486,0.029215391,3.256925687
14,({'GARDENERS KNEELING PAD CUP OF TEA '}),({'GARDENERS KNEELING PAD KEEP CALM '}),0.040720744,0.048201392,0.029792493,0.731629393,15.17859468,0.027829697,3.546582908
15,({'GARDENERS KNEELING PAD KEEP CALM '}),({'GARDENERS KNEELING PAD CUP OF TEA '}),0.048201392,0.040720744,0.029792493,0.618083671,15.17859468,0.027829697,2.511752398
16,({'ALARM CLOCK BAKELIKE GREEN'}),({'ALARM CLOCK BAKELIKE RED '}),0.044558642,0.049307227,0.029532297,0.662773723,13.44171562,0.027335234,2.819153894
17,({'ALARM CLOCK BAKELIKE RED '}),({'ALARM CLOCK BAKELIKE GREEN'}),0.049307227,0.044558642,0.029532297,0.598944591,13.44171562,0.027335234,2.382317597
18,({'ALARM CLOCK BAKELIKE PINK'}),({'ALARM CLOCK BAKELIKE RED '}),0.031939114,0.049307227,0.020815716,0.651731161,13.21776139,0.019240887,2.729766968
19,({'ALARM CLOCK BAKELIKE RED '}),({'ALARM CLOCK BAKELIKE PINK'}),0.049307227,0.031939114,0.020815716,0.422163588,13.21776139,0.019240887,1.675319981
20,"({""PAPER CHAIN KIT 50'S CHRISTMAS ""})",({'PAPER CHAIN KIT VINTAGE CHRISTMAS'}),0.061016067,0.043778052,0.028426462,0.465884861,10.64197322,0.025755297,1.79029179
21,({'PAPER CHAIN KIT VINTAGE CHRISTMAS'}),"({""PAPER CHAIN KIT 50'S CHRISTMAS ""})",0.043778052,0.061016067,0.028426462,0.649331352,10.64197322,0.025755297,2.677695707
22,({'LUNCH BAG DOLLY GIRL DESIGN'}),({'LUNCH BAG SPACEBOY DESIGN '}),0.03369544,0.056787875,0.020360372,0.604247104,10.64042467,0.01844688,2.383336004
23,({'LUNCH BAG SPACEBOY DESIGN '}),({'LUNCH BAG DOLLY GIRL DESIGN'}),0.056787875,0.03369544,0.020360372,0.358533792,10.64042467,0.01844688,1.506399787
24,({'WOODEN FRAME ANTIQUE WHITE '}),({'WOODEN PICTURE FRAME WHITE FINISH'}),0.050868406,0.055421843,0.029792493,0.585677749,10.56763385,0.026973273,2.27981518
25,({'WOODEN PICTURE FRAME WHITE FINISH'}),({'WOODEN FRAME ANTIQUE WHITE '}),0.055421843,0.050868406,0.029792493,0.537558685,10.56763385,0.026973273,2.052436849
26,({'LUNCH BAG SPACEBOY DESIGN '}),({'LUNCH BAG WOODLAND'}),0.056787875,0.043713003,0.022506993,0.396334479,9.066740986,0.020024624,1.584133867
27,({'LUNCH BAG WOODLAND'}),({'LUNCH BAG SPACEBOY DESIGN '}),0.043713003,0.056787875,0.022506993,0.514880952,9.066740986,0.020024624,1.944290025
28,({'HEART OF WICKER LARGE'}),({'HEART OF WICKER SMALL'}),0.051323749,0.06010538,0.025889547,0.504435995,8.392526569,0.022804713,1.896615999
29,({'HEART OF WICKER SMALL'}),({'HEART OF WICKER LARGE'}),0.06010538,0.051323749,0.025889547,0.430735931,8.392526569,0.022804713,1.666495923
30,({'LUNCH BAG CARS BLUE'}),({'LUNCH BAG WOODLAND'}),0.057308268,0.043713003,0.020750667,0.362088536,8.283314078,0.01824555,1.49909047
31,({'LUNCH BAG WOODLAND'}),({'LUNCH BAG CARS BLUE'}),0.043713003,0.057308268,0.020750667,0.474702381,8.283314078,0.01824555,1.794585961
32,({'LUNCH BAG CARS BLUE'}),({'LUNCH BAG PINK POLKADOT'}),0.057308268,0.055096598,0.025759448,0.449489217,8.158202751,0.022601958,1.716412159
33,({'LUNCH BAG PINK POLKADOT'}),({'LUNCH BAG CARS BLUE'}),0.055096598,0.057308268,0.025759448,0.467532468,8.158202751,0.022601958,1.770421058
34,({'LUNCH BAG SUKI DESIGN '}),({'LUNCH BAG APPLE DESIGN'}),0.054381058,0.048461588,0.021401158,0.39354067,8.120672104,0.018765765,1.569006138
35,({'LUNCH BAG APPLE DESIGN'}),({'LUNCH BAG SUKI DESIGN '}),0.048461588,0.054381058,0.021401158,0.441610738,8.120672104,0.018765765,1.693476231
36,({'LUNCH BAG PINK POLKADOT'}),({'LUNCH BAG  BLACK SKULL.'}),0.055096598,0.064658817,0.028751708,0.521841795,8.070698096,0.025189227,1.956133288
37,({'LUNCH BAG  BLACK SKULL.'}),({'LUNCH BAG PINK POLKADOT'}),0.064658817,0.055096598,0.028751708,0.444668008,8.070698096,0.025189227,1.701510836
38,({'LUNCH BAG RED RETROSPOT'}),({'LUNCH BAG PINK POLKADOT'}),0.072855006,0.055096598,0.030638132,0.420535714,7.632698389,0.026624069,1.630649939
39,({'LUNCH BAG PINK POLKADOT'}),({'LUNCH BAG RED RETROSPOT'}),0.055096598,0.072855006,0.030638132,0.556080283,7.632698389,0.026624069,2.088542049
40,({'LUNCH BAG SUKI DESIGN '}),({'LUNCH BAG CARS BLUE'}),0.054381058,0.057308268,0.023612828,0.434210526,7.576751897,0.020496343,1.666152829
41,({'LUNCH BAG CARS BLUE'}),({'LUNCH BAG SUKI DESIGN '}),0.057308268,0.054381058,0.023612828,0.412031782,7.576751897,0.020496343,1.60828241
42,({'LUNCH BAG WOODLAND'}),({'LUNCH BAG  BLACK SKULL.'}),0.043713003,0.064658817,0.021075912,0.482142857,7.456722478,0.018249481,1.806176077
43,({'LUNCH BAG  BLACK SKULL.'}),({'LUNCH BAG WOODLAND'}),0.064658817,0.043713003,0.021075912,0.325955734,7.456722478,0.018249481,1.418730261
44,({'LUNCH BAG RED RETROSPOT'}),({'LUNCH BAG WOODLAND'}),0.072855006,0.043713003,0.023677877,0.325,7.434858631,0.020493166,1.416721477
45,({'LUNCH BAG WOODLAND'}),({'LUNCH BAG RED RETROSPOT'}),0.043713003,0.072855006,0.023677877,0.541666667,7.434858631,0.020493166,2.022861806
46,({'LUNCH BAG SUKI DESIGN '}),({'LUNCH BAG SPACEBOY DESIGN '}),0.054381058,0.056787875,0.022637091,0.416267943,7.330225752,0.019548906,1.615830608
47,({'LUNCH BAG SPACEBOY DESIGN '}),({'LUNCH BAG SUKI DESIGN '}),0.056787875,0.054381058,0.022637091,0.39862543,7.330225752,0.019548906,1.572429213
48,({'LUNCH BAG  BLACK SKULL.'}),({'LUNCH BAG SUKI DESIGN '}),0.064658817,0.054381058,0.025564301,0.395372233,7.270403522,0.022048086,1.563968766
49,({'LUNCH BAG SUKI DESIGN '}),({'LUNCH BAG  BLACK SKULL.'}),0.054381058,0.064658817,0.025564301,0.470095694,7.270403522,0.022048086,1.765113383
50,({'LUNCH BAG SPACEBOY DESIGN '}),({'LUNCH BAG CARS BLUE'}),0.056787875,0.057308268,0.023612828,0.41580756,7.255629537,0.020358413,1.613666436
51,({'LUNCH BAG CARS BLUE'}),({'LUNCH BAG SPACEBOY DESIGN '}),0.057308268,0.056787875,0.023612828,0.412031782,7.255629537,0.020358413,1.604188962
52,({'LUNCH BAG SUKI DESIGN '}),({'LUNCH BAG PINK POLKADOT'}),0.054381058,0.055096598,0.021661354,0.398325359,7.229581749,0.018665143,1.570455754
53,({'LUNCH BAG PINK POLKADOT'}),({'LUNCH BAG SUKI DESIGN '}),0.055096598,0.054381058,0.021661354,0.393152302,7.229581749,0.018665143,1.558247557
54,({'LUNCH BAG  BLACK SKULL.'}),({'LUNCH BAG CARS BLUE'}),0.064658817,0.057308268,0.026149743,0.404426559,7.057036886,0.022444258,1.582830375
55,({'LUNCH BAG CARS BLUE'}),({'LUNCH BAG  BLACK SKULL.'}),0.057308268,0.064658817,0.026149743,0.456299659,7.057036886,0.022444258,1.720324806
56,({'LUNCH BAG PINK POLKADOT'}),({'LUNCH BAG SPACEBOY DESIGN '}),0.055096598,0.056787875,0.021726403,0.39433294,6.943963669,0.018597585,1.557311248
57,({'LUNCH BAG SPACEBOY DESIGN '}),({'LUNCH BAG PINK POLKADOT'}),0.056787875,0.055096598,0.021726403,0.382588774,6.943963669,0.018597585,1.530427959
58,({'LUNCH BAG SPACEBOY DESIGN '}),({'LUNCH BAG  BLACK SKULL.'}),0.056787875,0.064658817,0.025304105,0.44558992,6.891402251,0.021632268,1.68709267
59,({'LUNCH BAG  BLACK SKULL.'}),({'LUNCH BAG SPACEBOY DESIGN '}),0.064658817,0.056787875,0.025304105,0.391348089,6.891402251,0.021632268,1.549674136
60,({'JUMBO BAG STRAWBERRY'}),({'JUMBO BAG RED RETROSPOT'}),0.040460548,0.093215378,0.025694399,0.635048232,6.81269816,0.021922854,2.484669758
61,({'JUMBO BAG RED RETROSPOT'}),({'JUMBO BAG STRAWBERRY'}),0.093215378,0.040460548,0.025694399,0.275645499,6.81269816,0.021922854,1.324682115
62,({'LUNCH BAG RED RETROSPOT'}),({'LUNCH BAG SUKI DESIGN '}),0.072855006,0.054381058,0.026670136,0.366071429,6.731598172,0.022708204,1.491680585
63,({'LUNCH BAG SUKI DESIGN '}),({'LUNCH BAG RED RETROSPOT'}),0.054381058,0.072855006,0.026670136,0.490430622,6.731598172,0.022708204,1.819467642
64,({'JUMBO BAG PINK POLKADOT'}),({'JUMBO BAG RED RETROSPOT'}),0.052689781,0.093215378,0.032914851,0.624691358,6.70159124,0.028003353,2.416103764
65,({'JUMBO BAG RED RETROSPOT'}),({'JUMBO BAG PINK POLKADOT'}),0.093215378,0.052689781,0.032914851,0.353105373,6.70159124,0.028003353,1.464396488
66,({'LUNCH BAG RED RETROSPOT'}),({'LUNCH BAG  BLACK SKULL.'}),0.072855006,0.064658817,0.03148377,0.432142857,6.683432739,0.026773052,1.647141705
67,({'LUNCH BAG  BLACK SKULL.'}),({'LUNCH BAG RED RETROSPOT'}),0.064658817,0.072855006,0.03148377,0.486921529,6.683432739,0.026773052,1.807023774
68,({'LUNCH BAG RED RETROSPOT'}),({'LUNCH BAG SPACEBOY DESIGN '}),0.072855006,0.056787875,0.026670136,0.366071429,6.446295614,0.022532855,1.487883916
69,({'LUNCH BAG SPACEBOY DESIGN '}),({'LUNCH BAG RED RETROSPOT'}),0.056787875,0.072855006,0.026670136,0.469644903,6.446295614,0.022532855,1.74815892
70,({'LUNCH BAG CARS BLUE'}),({'LUNCH BAG RED RETROSPOT'}),0.057308268,0.072855006,0.026865283,0.468785471,6.434499149,0.022690089,1.745330641
71,({'LUNCH BAG RED RETROSPOT'}),({'LUNCH BAG CARS BLUE'}),0.072855006,0.057308268,0.026865283,0.36875,6.434499149,0.022690089,1.493373041
72,({'LUNCH BAG RED RETROSPOT'}),({'LUNCH BAG APPLE DESIGN'}),0.072855006,0.048461588,0.021661354,0.297321429,6.135197747,0.018130685,1.354158858
73,({'LUNCH BAG APPLE DESIGN'}),({'LUNCH BAG RED RETROSPOT'}),0.048461588,0.072855006,0.021661354,0.446979866,6.135197747,0.018130685,1.676512187
74,({'JUMBO STORAGE BAG SUKI'}),({'JUMBO BAG RED RETROSPOT'}),0.046835361,0.093215378,0.026540038,0.566666667,6.079111421,0.022174262,2.092579898
75,({'JUMBO BAG RED RETROSPOT'}),({'JUMBO STORAGE BAG SUKI'}),0.093215378,0.046835361,0.026540038,0.284717376,6.079111421,0.022174262,1.332570662
76,({'JUMBO BAG RED RETROSPOT'}),({'JUMBO  BAG BAROQUE BLACK WHITE'}),0.093215378,0.040395499,0.022572042,0.242149337,5.994463379,0.01880656,1.266218463
77,({'JUMBO  BAG BAROQUE BLACK WHITE'}),({'JUMBO BAG RED RETROSPOT'}),0.040395499,0.093215378,0.022572042,0.558776167,5.994463379,0.01880656,2.055157849
78,({'REGENCY CAKESTAND 3 TIER'}),({'GREEN REGENCY TEACUP AND SAUCER'}),0.090483315,0.039810057,0.020880765,0.230769231,5.796757164,0.017278619,1.248246926
79,({'GREEN REGENCY TEACUP AND SAUCER'}),({'REGENCY CAKESTAND 3 TIER'}),0.039810057,0.090483315,0.020880765,0.524509804,5.796757164,0.017278619,1.912797977
80,({'ROSES REGENCY TEACUP AND SAUCER '}),({'REGENCY CAKESTAND 3 TIER'}),0.043908151,0.090483315,0.022897287,0.521481481,5.763288868,0.018924332,1.900692763
81,({'REGENCY CAKESTAND 3 TIER'}),({'ROSES REGENCY TEACUP AND SAUCER '}),0.090483315,0.043908151,0.022897287,0.253055356,5.763288868,0.018924332,1.280003621
82,({'RED HANGING HEART T-LIGHT HOLDER'}),({'WHITE HANGING HEART T-LIGHT HOLDER'}),0.041631432,0.121381643,0.02784102,0.66875,5.509482181,0.022787728,2.652432775
83,({'WHITE HANGING HEART T-LIGHT HOLDER'}),({'RED HANGING HEART T-LIGHT HOLDER'}),0.121381643,0.041631432,0.02784102,0.229367631,5.509482181,0.022787728,1.243613177
84,({'JUMBO BAG APPLES'}),({'JUMBO BAG RED RETROSPOT'}),0.040720744,0.093215378,0.020360372,0.5,5.363921842,0.016564573,1.813569245
85,({'JUMBO BAG RED RETROSPOT'}),({'JUMBO BAG APPLES'}),0.093215378,0.040720744,0.020360372,0.218422889,5.363921842,0.016564573,1.227363548
86,({'JUMBO SHOPPER VINTAGE RED PAISLEY'}),({'JUMBO BAG RED RETROSPOT'}),0.048721785,0.093215378,0.024263319,0.49799733,5.342437509,0.019721699,1.806334261
87,({'JUMBO BAG RED RETROSPOT'}),({'JUMBO SHOPPER VINTAGE RED PAISLEY'}),0.093215378,0.048721785,0.024263319,0.260293091,5.342437509,0.019721699,1.286020455
88,({'JUMBO BAG RED RETROSPOT'}),({'JUMBO BAG VINTAGE LEAF'}),0.093215378,0.04611982,0.021075912,0.226099093,4.902427861,0.016776836,1.232561134
89,({'JUMBO BAG VINTAGE LEAF'}),({'JUMBO BAG RED RETROSPOT'}),0.04611982,0.093215378,0.021075912,0.456981664,4.902427861,0.016776836,1.669896876
90,({'PARTY BUNTING'}),({'SPOTTY BUNTING'}),0.082937618,0.058869446,0.023352631,0.281568627,4.78293316,0.01847014,1.309979755
91,({'SPOTTY BUNTING'}),({'PARTY BUNTING'}),0.058869446,0.082937618,0.023352631,0.396685083,4.78293316,0.01847014,1.520039296
92,({'JUMBO BAG RED RETROSPOT'}),({'LUNCH BAG RED RETROSPOT'}),0.093215378,0.072855006,0.024523515,0.263084438,3.611068812,0.017732308,1.258142781
93,({'LUNCH BAG RED RETROSPOT'}),({'JUMBO BAG RED RETROSPOT'}),0.072855006,0.093215378,0.024523515,0.336607143,3.611068812,0.017732308,1.366889337
